<?xml version="1.0" encoding="UTF-8"?>
<project-private xmlns="http://www.netbeans.org/ns/project-private/1">
    <editor-bookmarks xmlns="http://www.netbeans.org/ns/editor-bookmarks/2" lastBookmarkId="1">
        <file>
            <url>src/java/com/driving/auth/RcBook.java</url>
            <bookmark id="1">
                <name/>
                <line>71</line>
                <key/>
            </bookmark>
        </file>
    </editor-bookmarks>
    <open-files xmlns="http://www.netbeans.org/ns/projectui-open-files/2">
        <group>
            <file>file:/C:/Users/chandra/Documents/NetBeansProjects/driving%20project/src/java/com/driving/auth/LicInsert.java</file>
            <file>file:/C:/Users/chandra/Documents/NetBeansProjects/driving%20project/src/java/com/driving/auth/LicenseSer.java</file>
            <file>file:/C:/Users/chandra/Documents/NetBeansProjects/driving%20project/src/java/com/driving/auth/LicenseJava.java</file>
            <file>file:/C:/Users/chandra/Documents/NetBeansProjects/driving%20project/web/Aadhaardet.jsp</file>
            <file>file:/C:/Users/chandra/Documents/NetBeansProjects/driving%20project/src/java/com/driving/auth/ImageInsert.java</file>
            <file>file:/C:/Users/chandra/Documents/NetBeansProjects/driving%20project/src/java/com/driving/auth/Insurance.java</file>
            <file>file:/C:/Users/chandra/Documents/NetBeansProjects/driving%20project/web/RCbookdet.jsp</file>
        </group>
    </open-files>
</project-private>
